"1-к квартира, 43 м², 1/5 эт. в Россоши","1 500  ₽
 за сутки",https://www.avito.ru/rossosh/kvartiry/1-k_kvartira_43_m_15_et._782556179,"
 47 минут назад
"
"1-к квартира, 30 м², 4/5 эт. в Россоши","5 000  ₽
 в месяц",https://www.avito.ru/rossosh/kvartiry/1-k_kvartira_30_m_45_et._1972068287,"
 1 час назад
"
"1-к квартира, 27 м², 3/3 эт. в Россоши","1 000  ₽
 за сутки",https://www.avito.ru/rossosh/kvartiry/1-k_kvartira_27_m_33_et._1862866632,"
 16 часов назад
"
"1-к квартира, 37 м², 1/5 эт. в Россоши","7 000  ₽
 в месяц",https://www.avito.ru/rossosh/kvartiry/1-k_kvartira_37_m_15_et._1968303287,"
 12 часов назад
"
"1-к квартира, 31 м², 5/5 эт. в Россоши",850 000  ₽,https://www.avito.ru/rossosh/kvartiry/1-k_kvartira_31_m_55_et._1876366208,"
 11 часов назад
"
"1-к квартира, 36 м², 5/5 эт. в Россоши","6 000  ₽
 в месяц",https://www.avito.ru/rossosh/kvartiry/1-k_kvartira_36_m_55_et._203762006,"
 2 дня назад
"
"1-к квартира, 32 м², 2/2 эт. в Россоши","3 000  ₽
 в месяц",https://www.avito.ru/rossosh/kvartiry/1-k_kvartira_32_m_22_et._1891645383,"
 4 дня назад
"
"1-к квартира, 31 м², 4/5 эт. в Россоши","6 000  ₽
 в месяц",https://www.avito.ru/rossosh/kvartiry/1-k_kvartira_31_m_45_et._623644130,"
 4 дня назад
"
"1-к квартира, 30 м², 4/5 эт. в Россоши","5 000  ₽
 в месяц",https://www.avito.ru/rossosh/kvartiry/1-k_kvartira_30_m_45_et._1773925837,"
 6 дней назад
"
"1-к квартира, 36.6 м², 3/5 эт. в Россоши",2 150 000  ₽,https://www.avito.ru/rossosh/kvartiry/1-k_kvartira_36.6_m_35_et._1474138106,"
 11 часов назад
"
"1-к квартира, 40 м², 1/5 эт. в Россоши","800  ₽
 за сутки",https://www.avito.ru/rossosh/kvartiry/1-k_kvartira_40_m_15_et._1523009185,"
 5 дней назад
"
"1-к квартира, 31 м², 5/5 эт. в Россоши","6 500  ₽
 в месяц",https://www.avito.ru/rossosh/kvartiry/1-k_kvartira_31_m_55_et._1960425950,"
 1 неделю назад
"
"1-к квартира, 36 м², 3/5 эт. в Россоши","8 000  ₽
 в месяц",https://www.avito.ru/rossosh/kvartiry/1-k_kvartira_36_m_35_et._1968639639,"
 1 неделю назад
"
"1-к квартира, 31 м², 5/5 эт. в Россоши",1 100 000  ₽,https://www.avito.ru/rossosh/kvartiry/1-k_kvartira_31_m_55_et._1938259160,"
 12 часов назад
"
"1-к квартира, 37 м², 4/5 эт. в Россоши","1 000  ₽
 за сутки",https://www.avito.ru/rossosh/kvartiry/1-k_kvartira_37_m_45_et._1873386054,"
 1 неделю назад
"
"1-к квартира, 40 м², 1/5 эт. в Россоши",1 400 000  ₽,https://www.avito.ru/rossosh/kvartiry/1-k_kvartira_40_m_15_et._1975262680,"
 17 часов назад
"
"1-к квартира, 60 м², 3/5 эт. в Россоши","1 200  ₽
 за сутки",https://www.avito.ru/rossosh/kvartiry/1-k_kvartira_60_m_35_et._1160087292,"
 1 неделю назад
"
"1-к квартира, 48 м², 1/5 эт. в Россоши","1 000  ₽
 за сутки",https://www.avito.ru/rossosh/kvartiry/1-k_kvartira_48_m_15_et._1962353041,"
 2 недели назад
"
"1-к квартира, 33.8 м², 2/5 эт. в Россоши",1 500 000  ₽,https://www.avito.ru/rossosh/kvartiry/1-k_kvartira_33.8_m_25_et._1864311313,"
 14 часов назад
"
"1-к квартира, 50 м², 1/5 эт. в Россоши","1 000  ₽
 за сутки",https://www.avito.ru/rossosh/kvartiry/1-k_kvartira_50_m_15_et._1385034188,"
 1 неделю назад
"
"1-к квартира, 30 м², 2/5 эт. в Россоши","5 000  ₽
 в месяц",https://www.avito.ru/rossosh/kvartiry/1-k_kvartira_30_m_25_et._1950372354,"
 1 день назад
"
"1-к квартира, 40 м², 4/5 эт. в Россоши","1 000  ₽
 за сутки",https://www.avito.ru/rossosh/kvartiry/1-k_kvartira_40_m_45_et._1781176259,"
 3 недели назад
"
"1-к квартира, 42 м², 1/2 эт. в Россоши","1 000  ₽
 за сутки",https://www.avito.ru/rossosh/kvartiry/1-k_kvartira_42_m_12_et._979535752,"
 1 день назад
"
"1-к квартира, 56 м², 4/5 эт. в Россоши","1 100  ₽
 за сутки",https://www.avito.ru/rossosh/kvartiry/1-k_kvartira_56_m_45_et._1835908905,"
 2 недели назад
"
"Комната 19 м² в 1-к, 4/4 эт. в Россоши","4 500  ₽
 в месяц",https://www.avito.ru/rossosh/komnaty/komnata_19_m_v_1-k_44_et._1958578175,"
 16 часов назад
"
"1-к квартира, 38 м², 7/9 эт. в Россоши",1 350 000  ₽,https://www.avito.ru/rossosh/kvartiry/1-k_kvartira_38_m_79_et._1894891819,"
 3 недели назад
"
"1-к квартира, 38 м², 6/9 эт. в Россоши","10 000  ₽
 в месяц",https://www.avito.ru/rossosh/kvartiry/1-k_kvartira_38_m_69_et._1778666749,"
 2 недели назад
"
"1-к квартира, 30 м², 3/5 эт. в Россоши","5 000  ₽
 в месяц",https://www.avito.ru/rossosh/kvartiry/1-k_kvartira_30_m_35_et._1892675630,"
 8 июля 14:02
"
"1-к квартира, 30 м², 4/9 эт. в Россоши",1 300 000  ₽,https://www.avito.ru/rossosh/kvartiry/1-k_kvartira_30_m_49_et._1905465831,"
 2 недели назад
"
"1-к квартира, 44 м², 5/5 эт. в Россоши","9 000  ₽
 в месяц",https://www.avito.ru/rossosh/kvartiry/1-k_kvartira_44_m_55_et._1941392703,"
 3 недели назад
"
"1-к квартира, 38 м², 9/10 эт. в Россоши","7 000  ₽
 в месяц",https://www.avito.ru/rossosh/kvartiry/1-k_kvartira_38_m_910_et._1973738198,"
 3 недели назад
"
"1-к квартира, 42 м², 2/3 эт. в Россоши",860 000  ₽,https://www.avito.ru/rossosh/kvartiry/1-k_kvartira_42_m_23_et._1944011209,"
 3 недели назад
"
"1-к квартира, 35 м², 4/5 эт. в Россоши",1 000 000  ₽,https://www.avito.ru/rossosh/kvartiry/1-k_kvartira_35_m_45_et._1955471590,"
 7 июля 10:35
"
"1-к квартира, 35 м², 2/5 эт. в Россоши",1 300 000  ₽,https://www.avito.ru/rossosh/kvartiry/1-k_kvartira_35_m_25_et._1667761573,"
 3 недели назад
"
"1-к квартира, 30 м², 3/5 эт. в Россоши",850 000  ₽,https://www.avito.ru/rossosh/kvartiry/1-k_kvartira_30_m_35_et._1037850748,"
 7 июля 22:14
"
"1-к квартира, 42 м², 2/5 эт. в Россоши","1 299  ₽
 за сутки",https://www.avito.ru/rossosh/kvartiry/1-k_kvartira_42_m_25_et._1364813109,"
 3 недели назад
"
"1-к квартира, 37.5 м², 1/2 эт. в Россоши",750 000  ₽,https://www.avito.ru/rossosh/kvartiry/1-k_kvartira_37.5_m_12_et._1249693796,"
 3 недели назад
"
"1-к квартира, 40 м², 3/5 эт. в Россоши",1 800 000  ₽,https://www.avito.ru/rossosh/kvartiry/1-k_kvartira_40_m_35_et._1893351097,"
 3 недели назад
"
"1-к квартира, 34 м², 5/5 эт. в Россоши","5 000  ₽
 в месяц",https://www.avito.ru/rossosh/kvartiry/1-k_kvartira_34_m_55_et._1604531877,"
 8 июля 23:26
"
"1-к квартира, 30.4 м², 2/5 эт. в Россоши",1 150 000  ₽,https://www.avito.ru/rossosh/kvartiry/1-k_kvartira_30.4_m_25_et._1920858155,"
 3 недели назад
"
"1-к квартира, 28.7 м², 7/9 эт. в Россоши",910 000  ₽,https://www.avito.ru/rossosh/kvartiry/1-k_kvartira_28.7_m_79_et._1892222725,"
 3 недели назад
"
"1-к квартира, 30 м², 2/5 эт. в Россоши","700  ₽
 за сутки",https://www.avito.ru/rossosh/kvartiry/1-k_kvartira_30_m_25_et._908428447,"
 1 неделю назад
"
"1-к квартира, 30 м², 4/5 эт. в Россоши",1 000 000  ₽,https://www.avito.ru/rossosh/kvartiry/1-k_kvartira_30_m_45_et._910444725,"
 3 недели назад
"
"1-к квартира, 30 м², 5/5 эт. в Россоши",1 260 000  ₽,https://www.avito.ru/rossosh/kvartiry/1-k_kvartira_30_m_55_et._1921979174,"
 3 недели назад
"
"1-к квартира, 45 м², 5/5 эт. в Россоши","8 000  ₽
 в месяц",https://www.avito.ru/rossosh/kvartiry/1-k_kvartira_45_m_55_et._1049726310,"
 2 дня назад
"
"1-к квартира, 35 м², 5/5 эт. в Россоши",1 200 000  ₽,https://www.avito.ru/rossosh/kvartiry/1-k_kvartira_35_m_55_et._1955752165,"
 7 июля 22:22
"
"1-к квартира, 44.1 м², 3/5 эт. в Россоши",1 685 000  ₽,https://www.avito.ru/rossosh/kvartiry/1-k_kvartira_44.1_m_35_et._1046642238,"
 3 недели назад
"
"1-к квартира, 29 м², 1/5 эт. в Россоши",800 000  ₽,https://www.avito.ru/rossosh/kvartiry/1-k_kvartira_29_m_15_et._1919094409,"
 7 июля 10:55
"
"1-к квартира, 30 м², 1/1 эт. в Россоши",580 000  ₽,https://www.avito.ru/rossosh/kvartiry/1-k_kvartira_30_m_11_et._1950631779,"
 3 недели назад
"
"1-к квартира, 30 м², 7/9 эт. в Россоши",950 000  ₽,https://www.avito.ru/rossosh/kvartiry/1-k_kvartira_30_m_79_et._1931227916,"
 3 недели назад
"
